[{"model": "admin.logentry", "pk": 1, "fields": {"action_time": "2024-11-08T11:13:19.482Z", "user": 1, "content_type": null, "object_id": "1", "object_repr": "Недвижимость", "action_flag": 1, "change_message": "[{\"added\": {}}]"}}, {"model": "admin.logentry", "pk": 2, "fields": {"action_time": "2024-11-08T11:13:27.513Z", "user": 1, "content_type": null, "object_id": "2", "object_repr": "Транспорт", "action_flag": 1, "change_message": "[{\"added\": {}}]"}}, {"model": "admin.logentry", "pk": 3, "fields": {"action_time": "2024-11-08T11:16:40.227Z", "user": 1, "content_type": null, "object_id": "1", "object_repr": "Плотина (500 тг.)", "action_flag": 1, "change_message": "[{\"added\": {}}]"}}, {"model": "admin.logentry", "pk": 4, "fields": {"action_time": "2024-11-08T11:17:06.755Z", "user": 1, "content_type": null, "object_id": "2", "object_repr": "Бобёр ездовой (100500 тг.)", "action_flag": 1, "change_message": "[{\"added\": {}}]"}}, {"model": "admin.logentry", "pk": 5, "fields": {"action_time": "2024-11-08T12:17:43.938Z", "user": 1, "content_type": null, "object_id": "3", "object_repr": "dfg4 (1231 тг.)", "action_flag": 1, "change_message": "[{\"added\": {}}]"}}, {"model": "admin.logentry", "pk": 6, "fields": {"action_time": "2024-12-06T11:37:19.209Z", "user": 1, "content_type": null, "object_id": "18", "object_repr": "wrwr (2342 тг.)", "action_flag": 1, "change_message": "[{\"added\": {}}]"}}, {"model": "admin.logentry", "pk": 7, "fields": {"action_time": "2024-12-20T10:28:12.393Z", "user": 1, "content_type": null, "object_id": "1", "object_repr": "Бобры", "action_flag": 1, "change_message": "[{\"added\": {}}]"}}, {"model": "admin.logentry", "pk": 8, "fields": {"action_time": "2025-01-09T18:01:47.670Z", "user": 1, "content_type": null, "object_id": "2", "object_repr": "Moderators", "action_flag": 2, "change_message": "[{\"changed\": {\"fields\": [\"Name\"]}}]"}}, {"model": "admin.logentry", "pk": 9, "fields": {"action_time": "2025-01-09T18:31:38.766Z", "user": 1, "content_type": null, "object_id": "5", "object_repr": "moderator", "action_flag": 3, "change_message": ""}}, {"model": "admin.logentry", "pk": 10, "fields": {"action_time": "2025-01-09T18:31:51.598Z", "user": 1, "content_type": null, "object_id": "2", "object_repr": "Moderators", "action_flag": 3, "change_message": ""}}, {"model": "admin.logentry", "pk": 11, "fields": {"action_time": "2025-01-09T20:01:38.219Z", "user": 1, "content_type": null, "object_id": "3", "object_repr": "admin3", "action_flag": 2, "change_message": "[]"}}, {"model": "auth.group", "pk": 1, "fields": {"name": "Бобры", "permissions": []}}, {"model": "auth.group", "pk": 3, "fields": {"name": "Moderators", "permissions": []}}, {"model": "auth.user", "pk": 1, "fields": {"password": "pbkdf2_sha256$870000$sPyHJZ67bmTVdN9Y8BGLWv$PEM3bbsg7/idmQkEqC4F7Bd/bVXO5j2Pd5sdD+igB1I=", "last_login": "2025-01-13T11:00:35.993Z", "is_superuser": true, "username": "admin", "first_name": "", "last_name": "", "email": "", "is_staff": true, "is_active": true, "date_joined": "2024-11-08T11:01:05.781Z", "groups": [3], "user_permissions": []}}, {"model": "auth.user", "pk": 2, "fields": {"password": "pbkdf2_sha256$870000$isF4Y8IfTskjcuFdndl0TG$/XyPq2SfZGbWm7YMpdVbA8n2qPn8M0zqIYo6LandqEk=", "last_login": null, "is_superuser": true, "username": "admin2", "first_name": "", "last_name": "", "email": "", "is_staff": true, "is_active": true, "date_joined": "2024-11-11T11:12:25.708Z", "groups": [3], "user_permissions": []}}, {"model": "auth.user", "pk": 3, "fields": {"password": "pbkdf2_sha256$870000$ZjyzMug15YnhmPAl5pvY1O$OfJ9w0u0YXgcsLNpf3nTIwF8xK8ZV7ElMR9ndCH8KjU=", "last_login": null, "is_superuser": true, "username": "admin3", "first_name": "", "last_name": "", "email": "admin3@bboard.kz", "is_staff": true, "is_active": true, "date_joined": "2024-12-20T10:16:44Z", "groups": [3], "user_permissions": []}}, {"model": "auth.user", "pk": 4, "fields": {"password": "", "last_login": null, "is_superuser": false, "username": "testuser", "first_name": "", "last_name": "", "email": "", "is_staff": false, "is_active": true, "date_joined": "2025-01-06T15:46:51.091Z", "groups": [], "user_permissions": []}}, {"model": "auth.user", "pk": 6, "fields": {"password": "pbkdf2_sha256$870000$gL16SF7qeaenUKS2y09sNp$FvimLtBsBeojaUqDaf+JAH00yyvjd6PKe8dUwAQ8peI=", "last_login": null, "is_superuser": false, "username": "moderator", "first_name": "", "last_name": "", "email": "moderator@example.com", "is_staff": true, "is_active": true, "date_joined": "2025-01-09T18:32:46.356Z", "groups": [], "user_permissions": []}}, {"model": "sessions.session", "pk": "0a7w0al3mh9xwt5kmms06i9nur3uo8mh", "fields": {"session_data": "e30:1tVexP:ngu9a36PANQxUEfyKki9pqCYcBE-MCCXnRX5yrPnNK4", "expire_date": "2025-01-22T22:55:23.463Z"}}, {"model": "sessions.session", "pk": "1dmwvypwvmjn40fx04h42ilbitvn26ec", "fields": {"session_data": "e30:1tVeOI:xAVJnYr4pihnU2gplTEPwvdDDsQQbETMt35p2d2_ATk", "expire_date": "2025-01-22T22:19:06.459Z"}}, {"model": "sessions.session", "pk": "1vnugscmvqr5p2w2vsbgdht9lee728oz", "fields": {"session_data": "e30:1tVedj:1bsLmcieGtkOTSxWxoiPnanO7bvUl0tVhx3oHatjcrs", "expire_date": "2025-01-22T22:35:03.558Z"}}, {"model": "sessions.session", "pk": "2dy3v7sw6ybaljfo4mev1h1qcmyxo7oh", "fields": {"session_data": "e30:1tVeO8:-mtIxTD7W0evngDxBpi3UtlsIf5tOH-RMFHT9qX5dV4", "expire_date": "2025-01-22T22:18:56.185Z"}}, {"model": "sessions.session", "pk": "35ny4408p39759bg90qbq22ipjqgiw48", "fields": {"session_data": "e30:1tVeMW:GSYb7zv6h-_fijXqz4b3HuStrVcOu4THm-j-_FlI2Js", "expire_date": "2025-01-22T22:17:16.624Z"}}, {"model": "sessions.session", "pk": "3jtirluywbta4q66ys1aobp4hq1eeza7", "fields": {"session_data": "e30:1tVeuD:s6Fv3DB2UwZZtCvuW57xvy2kiy-vResT2U4JinQ78aw", "expire_date": "2025-01-22T22:52:05.872Z"}}, {"model": "sessions.session", "pk": "3y8alv4pp45e8lbrsokb7qigxovnqrj4", "fields": {"session_data": "e30:1tVeMa:Xf3LzEHF5bFYIGoANk998bwYDMrVCYiYrEmONZm1J7o", "expire_date": "2025-01-22T22:17:20.801Z"}}, {"model": "sessions.session", "pk": "4bne6z32itnp3m3nepgs5cd4b08spnv3", "fields": {"session_data": "e30:1tVeLF:tB737k1Bs9MtuAcNb1ySluknTqPvuVzbtZg_ve0fW1w", "expire_date": "2025-01-22T22:15:57.227Z"}}, {"model": "sessions.session", "pk": "4lft39kva3qad3bfuljzomfiu3i6sna0", "fields": {"session_data": "e30:1tVeKk:WyKAx_eofgO9DFE2SA0ttfoj540gFWp76wTqogwAh44", "expire_date": "2025-01-22T22:15:26.563Z"}}, {"model": "sessions.session", "pk": "5d7cxaef0hj3oqpvchahxz8380ydemy7", "fields": {"session_data": "e30:1tVf5r:sdWIdSaITWKFOdz8J9-4J0dxInVi4EZ9gtUC_x2Fr94", "expire_date": "2025-01-22T23:04:07.801Z"}}, {"model": "sessions.session", "pk": "5rmmle9lm4m6su7ilqq7w26t67ezoi0n", "fields": {"session_data": "e30:1tVeNl:VV9Te-TeQHqmjvggEYlkuuI7JjDVeldBz8jszTmy4hc", "expire_date": "2025-01-22T22:18:33.370Z"}}, {"model": "sessions.session", "pk": "6w041lw2fm0maertz2uf2v7kpsqbfijs", "fields": {"session_data": "e30:1tVeN4:3ov7liX-12RcARfM9SX5Tm1ZylMqKko7xIXqnCoqUGI", "expire_date": "2025-01-22T22:17:50.332Z"}}, {"model": "sessions.session", "pk": "7qk4ffxw8gxzdf9r4ngi28fmnwecmkdp", "fields": {"session_data": "e30:1tVeRS:k4OP92n2JdRO_ZBtUbgmPgSeddUgHcQR4hWbuc6UqJQ", "expire_date": "2025-01-22T22:22:22.214Z"}}, {"model": "sessions.session", "pk": "aq4xcsnmrts7uk9g0ev82orxd2gljed8", "fields": {"session_data": "e30:1tVeMf:j_-B3BevGvV1N5PV86Hs6wsNzI-myRi5h7okxvNOUOE", "expire_date": "2025-01-22T22:17:25.847Z"}}, {"model": "sessions.session", "pk": "b4bcnlqdbqmhlpk24m5vfjx9mqzkxq51", "fields": {"session_data": "e30:1tVeNp:O6pCn_8PNhWATuhySwaVZvJApsQNu9gyXvKQcwBcuBA", "expire_date": "2025-01-22T22:18:37.835Z"}}, {"model": "sessions.session", "pk": "bhd3e8gapfsi3m8fyp0ad35441y97jns", "fields": {"session_data": "e30:1tVeKf:N_R9JlzkaoDXnQtsyeWV0FCj_Z4t-qUETKZ0V_gQFVM", "expire_date": "2025-01-22T22:15:21.949Z"}}, {"model": "sessions.session", "pk": "c8u0mym5p0o1t53o0iuulktgx52qw24j", "fields": {"session_data": "e30:1tVeKN:kf-A9Z1ZVbGiy4HJR0rlg627z07UpuoRhlJEOZGmewk", "expire_date": "2025-01-22T22:15:03.708Z"}}, {"model": "sessions.session", "pk": "ch1dyu9r5lnzb6erstcz12hl57dx5240", "fields": {"session_data": "e30:1tVevC:0ZKATzqod5l1DQu4n_k6L8psXySIKejKbQTdylj4MDI", "expire_date": "2025-01-22T22:53:06.248Z"}}, {"model": "sessions.session", "pk": "cvptj5k3ityuxsfjcjzdl7yh3ab2ooil", "fields": {"session_data": "e30:1tVeeL:18ILgeg8KmZEoVtbkL2P32ha5FY620jM4u7A6QiJ2ns", "expire_date": "2025-01-22T22:35:41.367Z"}}, {"model": "sessions.session", "pk": "duuyncoe7e4mrh5ztmkm7oo87ql3wd09", "fields": {"session_data": "e30:1tVeeQ:Uh2mDRjHvZkPWbFE_Pql91L63fLDsNeYQahVY5SHjzE", "expire_date": "2025-01-22T22:35:46.869Z"}}, {"model": "sessions.session", "pk": "e39yp12bpu4i5odp86622r5zbx9zal0k", "fields": {"session_data": "e30:1tVeZ2:2aXf-9vJiQITbbcvwbenWj896EoSjmcfOSqoT8NJCVg", "expire_date": "2025-01-22T22:30:12.051Z"}}, {"model": "sessions.session", "pk": "e914t2hcma4sfno1gqsaj0esxs3mlv5t", "fields": {"session_data": "e30:1tVeK9:zQb5m90JGz63Ehqk8ugE9dbO_WSu0URuA9wbPBD9kM4", "expire_date": "2025-01-22T22:14:49.015Z"}}, {"model": "sessions.session", "pk": "eds8wl6jyesv5h726e5z53p6577r9258", "fields": {"session_data": "e30:1tVeWn:7SI7hfeQ18zhAoESwtdF0rNOQXbl9t5ikHPsRYhdKJc", "expire_date": "2025-01-22T22:27:53.291Z"}}, {"model": "sessions.session", "pk": "ekrpao4zmce3ahzngiza398dhz8jlwyg", "fields": {"session_data": "e30:1tVeKE:j6YcbH8MS2oyCVz231gm4ZRh7auvL9Gvrj4IvkfIavc", "expire_date": "2025-01-22T22:14:54.301Z"}}, {"model": "sessions.session", "pk": "fdqk84zcd87cd8nyum2m0mim5eumu9cv", "fields": {"session_data": "e30:1tVed4:efr4BMbLgtq0-7nbxSIULcqZTzv6h_Krval9tnaGy_E", "expire_date": "2025-01-22T22:34:22.392Z"}}, {"model": "sessions.session", "pk": "fmmiq918eymy6trho0alsuvkp95l73uw", "fields": {"session_data": "e30:1tVeQ6:VlTZ_BGv76ubDueEcPSMxZeM54kz2aXyp6r5mJ2Ai74", "expire_date": "2025-01-22T22:20:58.810Z"}}, {"model": "sessions.session", "pk": "g4m6eh73l8odupgfasaztidu4xoyat2i", "fields": {"session_data": "e30:1tVeN1:SpGWabwVFW3Mn5w-qV9HfuMC0SHUX0IxipQ-t_dapuk", "expire_date": "2025-01-22T22:17:47.639Z"}}, {"model": "sessions.session", "pk": "hshxq213rhht7qqvpob4g7dxymvd3558", "fields": {"session_data": "e30:1tVeKc:t0bIULqM3gDe6OanC5BHPL0S5QhD9ryKdZttop4RTNg", "expire_date": "2025-01-22T22:15:18.123Z"}}, {"model": "sessions.session", "pk": "hxseox3t9he3ty0z0kkygu2t4heqjzuc", "fields": {"session_data": "e30:1tVevu:LISjrDWtz2h8cGC4s4c-wQ6FgRPC3phczmuCEXZxNYc", "expire_date": "2025-01-22T22:53:50.050Z"}}, {"model": "sessions.session", "pk": "j2a5qkx9s0lyzbda6w2yp6nods0hniw6", "fields": {"session_data": "e30:1tVeQ4:moBOyi4zO1p5A48svOeDzjSzQd11qrNiRBBeSEkxft4", "expire_date": "2025-01-22T22:20:56.203Z"}}, {"model": "sessions.session", "pk": "jpzp9skmknarmiwnervwy5v2n1vr1ujw", "fields": {"session_data": "e30:1tVeu8:HB43AmvymfnvDseopdc2-xTP_y9cZ8BgGiidcynnnb4", "expire_date": "2025-01-22T22:52:00.038Z"}}, {"model": "sessions.session", "pk": "k2pi321zersbkj80b3zsvxcppbp46bri", "fields": {"session_data": "e30:1tVeL1:_SApnSz8HQw5SKFlyWN8BORiiYKCtb3_hkHPVsDTfZM", "expire_date": "2025-01-22T22:15:43.415Z"}}, {"model": "sessions.session", "pk": "khqzy532jmuqepswj9v5epypo29769nh", "fields": {"session_data": "e30:1tVeKp:u98VmJnUQHP5ViNUlzCa_ZxyVu2bvBael878PEdcS4c", "expire_date": "2025-01-22T22:15:31.202Z"}}, {"model": "sessions.session", "pk": "kzjjsce6kqrenmoo2dxuoncqtm9ixesh", "fields": {"session_data": "e30:1tVev2:j0ceocMj9XfcbL4uByajPEHE0NuMK2F2e-vGL1vYGIo", "expire_date": "2025-01-22T22:52:56.350Z"}}, {"model": "sessions.session", "pk": "l2nuu2c1f4l449cuaeoelxpetcgc91tn", "fields": {"session_data": "e30:1tVeu6:NRuyjCRmlKFMXv7b2TCkstFKJoJUIhUjft7nf2SYn6g", "expire_date": "2025-01-22T22:51:58.060Z"}}, {"model": "sessions.session", "pk": "l9ait9abf1figw20c40x6wjv4xq5f5p6", "fields": {"session_data": "e30:1tVeeL:18ILgeg8KmZEoVtbkL2P32ha5FY620jM4u7A6QiJ2ns", "expire_date": "2025-01-22T22:35:41.112Z"}}, {"model": "sessions.session", "pk": "lebkpdmg1hdqedyr3imuooj5osfqmueu", "fields": {"session_data": "e30:1tVeNF:hHLdEC650DvWELwt1VmCKVcuTTP_AdE4NHJ9tr3RkQg", "expire_date": "2025-01-22T22:18:01.425Z"}}, {"model": "sessions.session", "pk": "m0cyzqt8whnpua5gt33deldijmaaq5bx", "fields": {"session_data": "e30:1tVevw:0QTNa5Sfw1km2C921BFENS0uS-cuXZGdbMa6OASBXtY", "expire_date": "2025-01-22T22:53:52.049Z"}}, {"model": "sessions.session", "pk": "nt18e9me5rwo8hw50wryf1sz6fyeq0hm", "fields": {"session_data": "e30:1tVeuN:0w_pTvp3eogIlHBA6qF8i_g-pGPqjLbQpKSwqP0j_dQ", "expire_date": "2025-01-22T22:52:15.175Z"}}, {"model": "sessions.session", "pk": "pm9qyfwqaj4kz8nb3xqqg72snx0hdtb5", "fields": {"session_data": "e30:1tVeWl:xraPAuIeoTdFp9W2LWpTP839Ut-ElQdSsgOn5v0Ld90", "expire_date": "2025-01-22T22:27:51.128Z"}}, {"model": "sessions.session", "pk": "pntzwg7h0rsq0kq4sl19x1efj6e2is62", "fields": {"session_data": "e30:1tVePk:rV6M4T1kGJy2CVCHRb9hXSvw-dFOne9iR9FgI0fdD5s", "expire_date": "2025-01-22T22:20:36.291Z"}}, {"model": "sessions.session", "pk": "q3n1rqlhid4rwhvrqjv40na0ulusktoo", "fields": {"session_data": "e30:1tVeNi:U0c2ss-XzE1UDZhTmMis9LCIAycw2diqLm0nV-u9UsI", "expire_date": "2025-01-22T22:18:30.225Z"}}, {"model": "sessions.session", "pk": "r463eyw8kekla3t6i5yvoduxxa41bexh", "fields": {"session_data": "e30:1tVevF:LPZlJyOwV_j0VaqFXZrckdWopsZ9Ht__x64dd69zhvI", "expire_date": "2025-01-22T22:53:09.208Z"}}, {"model": "sessions.session", "pk": "s5qlpbcmw4jwtgoicngotq434pcb02nu", "fields": {"session_data": "e30:1tVeLD:xTru3e4f8CkJeJvSLLeGIsjDgknQi1ldYvnmHV5nfC4", "expire_date": "2025-01-22T22:15:55.157Z"}}, {"model": "sessions.session", "pk": "sldu0vbzwnb64r3z6ua4lojqfsdts0hk", "fields": {"session_data": "e30:1tVeQ1:wf4cYVZx3Lfq-05vnZIYiofs9_hSToUg1JUB1Xx4hXg", "expire_date": "2025-01-22T22:20:53.933Z"}}, {"model": "sessions.session", "pk": "smp6n7j28rys8te0fm94ktk2o9bx8ysz", "fields": {"session_data": "e30:1tVeMU:q0LNEwZY_T5DiJ4pOMAAG24I4iipvsUfmQbQ3FWyn3g", "expire_date": "2025-01-22T22:17:14.482Z"}}, {"model": "sessions.session", "pk": "tc0c9n67li5j0p34750h5kz9z4e3lila", "fields": {"session_data": ".eJxVjEEOwiAQRe_C2pDOQAVcuu8ZyMCAVA0kpV0Z765NutDtf-_9l_C0rcVvPS1-ZnERIE6_W6D4SHUHfKd6azK2ui5zkLsiD9rl1Dg9r4f7d1Col2-N4BDIWWTWMMYM-mzQGmWiUoyDipocJjegg6zZJa3NaJUNBkxGpCDeH6tPNog:1tObzf:I2dS9FdqkV6NeT4EAEHm1ub7t1E_pU4nc55S5KEc5Bs", "expire_date": "2025-01-03T12:20:35.857Z"}}, {"model": "sessions.session", "pk": "utozlkpxmei49uuloi7q7tsng62rdsve", "fields": {"session_data": "e30:1tVeO3:VoCNObMZO-eaNIaDnduoxkYMrTyP7uLg0zIw5sq1qzE", "expire_date": "2025-01-22T22:18:51.134Z"}}, {"model": "sessions.session", "pk": "v6ls6fa5tw8afg61ahq27dw1lz0arlm0", "fields": {"session_data": "e30:1tVeck:0EunuAgmvZYwav9oO3BVHRTyc_o6ow18euz1bx_cH-s", "expire_date": "2025-01-22T22:34:02.709Z"}}, {"model": "sessions.session", "pk": "vr1ht2z97umwaeg1wn93n5hh62bi39l8", "fields": {"session_data": ".eJxVjEEOwiAQRe_C2pDOQAVcuu8ZyMCAVA0kpV0Z765NutDtf-_9l_C0rcVvPS1-ZnERIE6_W6D4SHUHfKd6azK2ui5zkLsiD9rl1Dg9r4f7d1Col2-N4BDIWWTWMMYM-mzQGmWiUoyDipocJjegg6zZJa3NaJUNBkxGpCDeH6tPNog:1tBB0m:q9Y-n8PGKFgDt53kNK0wgQIJkfvZR1uw5pmrKeZlKi8", "expire_date": "2024-11-27T10:54:12.725Z"}}, {"model": "sessions.session", "pk": "vrttydllpq4kew9rd2pow1srm4l1r3up", "fields": {"session_data": "e30:1tVeKK:jqktdPKnTKfweaYx6Xgjn1T9ewq9pw-cKC3bTd0Pppw", "expire_date": "2025-01-22T22:15:00.434Z"}}, {"model": "sessions.session", "pk": "w0gs0bjlxev3gc1gvhq9g2blf2fe27g8", "fields": {"session_data": "e30:1tVeKy:j3Ih-150wF05JCRMMv86yxdXI2R2PxWobtcdVgOUS7w", "expire_date": "2025-01-22T22:15:40.353Z"}}, {"model": "sessions.session", "pk": "wifc1qvesd7nmm4ze30qp78bzl9xa7jt", "fields": {"session_data": "e30:1tVePI:lIv0PMW4qT-Fic3PseH82pNLXJWb_Ckpwd5aWS5oPyk", "expire_date": "2025-01-22T22:20:08.349Z"}}, {"model": "sessions.session", "pk": "wjw9okuwbery72j5782jm88st1dc4c0w", "fields": {"session_data": "e30:1tVf5p:ZuW9PTKDa37esXtvEIHt8-qa96fP3UxhOUe-S61jXME", "expire_date": "2025-01-22T23:04:05.882Z"}}, {"model": "sessions.session", "pk": "wrgkamr20c9k3bbl0kvgaoqe3u7xozfj", "fields": {"session_data": "e30:1tVePy:U5axcyDknPCV_EruM9irBTqIInz1RzPviI2rEhKn1u8", "expire_date": "2025-01-22T22:20:50.679Z"}}, {"model": "sessions.session", "pk": "y7vw1k00rq2u7kyeqp7p22b20farkveg", "fields": {"session_data": ".eJxVjM0OwiAQhN-FsyH8dCl69O4zkGUXpGogKe3J-O62SQ96m8z3zbxFwHUpYe1pDhOLi9Di9NtFpGeqO-AH1nuT1OoyT1Huijxol7fG6XU93L-Dgr1sa9Quk3KKHVgzeosjbjmRth7IWuVA-4jGIQF79tEw4DkPNJikIBsWny_R3je_:1tXIBQ:RqInkEySIAVkluRb6gX8gWk7vPnYANAlbAioOL3VXrs", "expire_date": "2025-01-27T11:00:36.014Z"}}, {"model": "sessions.session", "pk": "ybhqropwt4zeiu9yphx5hblzyfkx6ezi", "fields": {"session_data": "e30:1tVev5:r_DqWsTRz8z9pM0m341BTJpFvgGk99vJhSwtcBWAQlY", "expire_date": "2025-01-22T22:52:59.118Z"}}, {"model": "sessions.session", "pk": "z579hbqiizkjt4ihhkpoj9remgopzxnr", "fields": {"session_data": "e30:1tVeOK:Gw5Oe1CbSKqHP98JKvpNndOWfgiPUGsSKk3Ci2ydIic", "expire_date": "2025-01-22T22:19:08.886Z"}}, {"model": "captcha.captchastore", "pk": 1, "fields": {"challenge": "BUKJ", "response": "bukj", "hashkey": "590fe2cdcda5e8e0f38377f86526c668352b22dc", "expiration": "2025-01-10T10:52:35.021Z"}}, {"model": "captcha.captchastore", "pk": 2, "fields": {"challenge": "ZLQJTV", "response": "zlqjtv", "hashkey": "f7fd883178bcff7e3af6ffc990a648854b22edc3", "expiration": "2025-01-10T11:00:28.940Z"}}, {"model": "captcha.captchastore", "pk": 3, "fields": {"challenge": "YGRZ", "response": "ygrz", "hashkey": "2c9dbcf2515beeebd3e90a36bb0f2f164586bcd4", "expiration": "2025-01-10T11:07:41.702Z"}}, {"model": "captcha.captchastore", "pk": 4, "fields": {"challenge": "BWGD", "response": "bwgd", "hashkey": "30dbe984555396d99194fca898656138c24f5ecc", "expiration": "2025-01-10T11:07:45.024Z"}}, {"model": "captcha.captchastore", "pk": 5, "fields": {"challenge": "CYEO", "response": "cyeo", "hashkey": "9cd1262870834867238a6a1b86113f902202162d", "expiration": "2025-01-10T11:07:46.704Z"}}, {"model": "captcha.captchastore", "pk": 6, "fields": {"challenge": "YSJDWT", "response": "ysjdwt", "hashkey": "5c0535e29f83a61f5606ae41ffce3be75a0283c5", "expiration": "2025-01-10T11:08:03.949Z"}}, {"model": "captcha.captchastore", "pk": 7, "fields": {"challenge": "WQKZPZ", "response": "wqkzpz", "hashkey": "ea7c1630adc4addb6871d68ef088a9e285f52602", "expiration": "2025-01-10T11:17:44.001Z"}}, {"model": "captcha.captchastore", "pk": 8, "fields": {"challenge": "WBPFCN", "response": "wbpfcn", "hashkey": "a1f917bea877f171656ce4a3da91a6cb53373405", "expiration": "2025-01-10T11:17:48.411Z"}}, {"model": "captcha.captchastore", "pk": 9, "fields": {"challenge": "HOMYAK", "response": "homyak", "hashkey": "c41eb68c77a9173f4ea9a921908d509b18f1382e", "expiration": "2025-01-10T11:19:25.991Z"}}, {"model": "captcha.captchastore", "pk": 10, "fields": {"challenge": "SUSLIK", "response": "suslik", "hashkey": "7c0883bc7ef28aed9aa3b9c447c99f9b228a6b71", "expiration": "2025-01-10T11:19:28.981Z"}}, {"model": "captcha.captchastore", "pk": 11, "fields": {"challenge": "HOMYAK", "response": "homyak", "hashkey": "e5f4563092104f004faad71a9c565f5941e542de", "expiration": "2025-01-10T11:19:31.347Z"}}, {"model": "captcha.captchastore", "pk": 12, "fields": {"challenge": "SUSLIK", "response": "suslik", "hashkey": "e0a0cf79cbc84718c3cd5b36efa1292d052da2fe", "expiration": "2025-01-10T11:19:32.410Z"}}, {"model": "captcha.captchastore", "pk": 13, "fields": {"challenge": "SUSLIK", "response": "suslik", "hashkey": "64565e140ce34acb80d0c1c88498891d0b79b560", "expiration": "2025-01-10T11:19:33.415Z"}}, {"model": "captcha.captchastore", "pk": 14, "fields": {"challenge": "UPXBCC", "response": "upxbcc", "hashkey": "d6a5101b5068bddc8273360930dc86418431bb83", "expiration": "2025-01-10T11:28:23.920Z"}}, {"model": "captcha.captchastore", "pk": 15, "fields": {"challenge": "FCAFWB", "response": "fcafwb", "hashkey": "95fbbec83d22d68362fdd867e7cb8baaeaae9f8d", "expiration": "2025-01-10T11:28:26.701Z"}}, {"model": "captcha.captchastore", "pk": 16, "fields": {"challenge": "LIUDJU", "response": "liudju", "hashkey": "b2573430ed7526168a6e03024d9135560006129d", "expiration": "2025-01-10T11:28:27.605Z"}}, {"model": "captcha.captchastore", "pk": 17, "fields": {"challenge": "BLDWYE", "response": "bldwye", "hashkey": "387d873ab6f73e549f6484fbbf9f60b907fffe93", "expiration": "2025-01-11T20:22:52.309Z"}}, {"model": "captcha.captchastore", "pk": 18, "fields": {"challenge": "YDZMML", "response": "ydzmml", "hashkey": "2283eb311c24f8c1266f1954e4f74ce9c382c4b3", "expiration": "2025-01-11T20:23:19.594Z"}}, {"model": "captcha.captchastore", "pk": 19, "fields": {"challenge": "WBJZLY", "response": "wbjzly", "hashkey": "dc91ed3ab26c0c57981696700a4e3db97f099f0e", "expiration": "2025-01-11T20:23:38.130Z"}}, {"model": "captcha.captchastore", "pk": 20, "fields": {"challenge": "LOZERK", "response": "lozerk", "hashkey": "79c20adebbcc1f548f13dbe61207a0d724dd06c3", "expiration": "2025-01-11T20:23:42.814Z"}}, {"model": "captcha.captchastore", "pk": 21, "fields": {"challenge": "RRZQMB", "response": "rrzqmb", "hashkey": "fd30ca01b0a3dd25c787bb326ff5acc006d3741e", "expiration": "2025-01-11T20:30:49.585Z"}}, {"model": "captcha.captchastore", "pk": 22, "fields": {"challenge": "FFYAJE", "response": "ffyaje", "hashkey": "b0e6d3e560cc44e588c71b97498c1b6e0332925a", "expiration": "2025-01-11T20:32:27.304Z"}}, {"model": "bboard.icecream", "pk": 17, "fields": {"name": "пломбир", "content": "очень вкусное", "price": "777.00"}}, {"model": "bboard.icecream", "pk": 20, "fields": {"name": "jgfjg", "content": "etretr rerere", "price": "77.00"}}, {"model": "bboard.icecream", "pk": 23, "fields": {"name": "Шоколадное", "content": "мороженное с сюрпризом", "price": "1000.00"}}, {"model": "bboard.icecream", "pk": 26, "fields": {"name": "клубничное", "content": "с добавками", "price": "222.00"}}, {"model": "bboard.icecream", "pk": 27, "fields": {"name": "мороженное", "content": "добавлено с респонс", "price": "555.00"}}, {"model": "bboard.icecream", "pk": 28, "fields": {"name": "бомбочка", "content": "очень большое мороженное", "price": "1212.00"}}, {"model": "bboard.icecream", "pk": 29, "fields": {"name": "фисташковое", "content": "зеленного цвета", "price": "999.00"}}, {"model": "bboard.icecream", "pk": 30, "fields": {"name": "крем-брюле", "content": "добавденно ч/з наборы форм", "price": "7171.00"}}, {"model": "bboard.rubric", "pk": 1, "fields": {"name": "Недвижимость", "order": 3}}, {"model": "bboard.rubric", "pk": 2, "fields": {"name": "Транспорт", "order": 7}}, {"model": "bboard.rubric", "pk": 3, "fields": {"name": "Бытовая техника", "order": 1}}, {"model": "bboard.rubric", "pk": 4, "fields": {"name": "Сельхозинвентарь", "order": 6}}, {"model": "bboard.rubric", "pk": 5, "fields": {"name": "Мебель", "order": 2}}, {"model": "bboard.rubric", "pk": 6, "fields": {"name": "Сантехника", "order": 5}}, {"model": "bboard.rubric", "pk": 7, "fields": {"name": "Растения", "order": 4}}, {"model": "bboard.bb", "pk": 1, "fields": {"kind": "s", "rubric": 1, "title": "Земельный участок", "content": "Большой", "price": "1000000.00", "published": "2024-11-08T11:16:40.224Z"}}, {"model": "bboard.bb", "pk": 2, "fields": {"kind": "s", "rubric": 2, "title": "Бобёр ездовой", "content": "Несётся как лошадь", "price": "100500.00", "published": "2024-11-08T11:17:06.754Z"}}, {"model": "bboard.bb", "pk": 3, "fields": {"kind": "c", "rubric": 2, "title": "Что-то", "content": "", "price": "1230.00", "published": "2024-11-08T12:17:43.936Z"}}, {"model": "bboard.bb", "pk": 5, "fields": {"kind": "s", "rubric": 5, "title": "Диван", "content": "Продавленный", "price": "200.00", "published": "2024-11-15T10:19:50.806Z"}}, {"model": "bboard.bb", "pk": 6, "fields": {"kind": "s", "rubric": 6, "title": "Раковина", "content": "Сильно битая", "price": "50.00", "published": "2024-11-15T10:27:02.749Z"}}, {"model": "bboard.bb", "pk": 7, "fields": {"kind": "s", "rubric": 4, "title": "Мотыга", "content": "Ржавая", "price": "40.00", "published": "2024-11-15T10:33:40.503Z"}}, {"model": "bboard.bb", "pk": 8, "fields": {"kind": "s", "rubric": 4, "title": "Лопата", "content": "Почти новая", "price": "1000.00", "published": "2024-11-15T10:36:59.948Z"}}, {"model": "bboard.bb", "pk": 9, "fields": {"kind": "s", "rubric": 3, "title": "Пылесос", "content": "Хороший, мощный", "price": "1000.00", "published": "2024-11-15T12:00:13.908Z"}}, {"model": "bboard.bb", "pk": 10, "fields": {"kind": "s", "rubric": 3, "title": "Стиральная машина", "content": "Автоматическая", "price": "3000.00", "published": "2024-11-15T12:00:13.908Z"}}, {"model": "bboard.bb", "pk": 11, "fields": {"kind": "s", "rubric": 7, "title": "Товар", "content": "Настоящий товар, бери оптом", "price": "53000.00", "published": "2024-11-25T11:00:27.076Z"}}, {"model": "bboard.bb", "pk": 12, "fields": {"kind": "s", "rubric": 7, "title": "Другой товар", "content": "Только качественный продукт", "price": "57568.00", "published": "2024-11-25T11:42:13.133Z"}}, {"model": "bboard.bb", "pk": 13, "fields": {"kind": "s", "rubric": 1, "title": "Тестим редирект", "content": "Тестим редирект", "price": "235256.00", "published": "2024-11-27T10:50:24.180Z"}}, {"model": "bboard.bb", "pk": 14, "fields": {"kind": "s", "rubric": 5, "title": "Ещё одно", "content": "Ещё одно дно", "price": "2346.00", "published": "2024-11-27T10:59:08.237Z"}}, {"model": "bboard.bb", "pk": 15, "fields": {"kind": "s", "rubric": 3, "title": "тестим redirect", "content": "Пашет!", "price": "34576.00", "published": "2024-11-29T10:47:52.704Z"}}, {"model": "bboard.bb", "pk": 16, "fields": {"kind": "s", "rubric": 5, "title": "Тестируем View", "content": "Полёт нормальный, все бобры здоровы", "price": "45678.00", "published": "2024-12-02T10:55:34.605Z"}}, {"model": "bboard.bb", "pk": 18, "fields": {"kind": "s", "rubric": 1, "title": "wrwr", "content": "werwer", "price": "2342.00", "published": "2024-12-06T11:37:19.206Z"}}, {"model": "testapp.spare", "pk": 1, "fields": {"name": "Болт"}}, {"model": "testapp.spare", "pk": 2, "fields": {"name": "Гайка"}}, {"model": "testapp.spare", "pk": 3, "fields": {"name": "Шайба"}}, {"model": "testapp.spare", "pk": 4, "fields": {"name": "шпилька"}}, {"model": "testapp.machine", "pk": 1, "fields": {"name": "Самосвал"}}, {"model": "testapp.machine", "pk": 2, "fields": {"name": "Тепловоз"}}, {"model": "testapp.kit", "pk": 1, "fields": {"machine": 1, "spare": 1, "count": 5}}, {"model": "testapp.kit", "pk": 2, "fields": {"machine": 1, "spare": 2, "count": 100}}, {"model": "testapp.kit", "pk": 4, "fields": {"machine": 2, "spare": 1, "count": 49}}, {"model": "testapp.kit", "pk": 5, "fields": {"machine": 2, "spare": 3, "count": 49}}, {"model": "testapp.message", "pk": 1, "fields": {"content": "Привет, Брат!", "published": "2024-12-25T10:01:56.697Z"}}, {"model": "testapp.message", "pk": 2, "fields": {"content": "This is a mega private message", "published": "2025-01-06T16:36:16.335Z"}}, {"model": "testapp.privatemessage", "pk": 2, "fields": {"user": 4}}, {"model": "testapp.privatemessage", "pk": 1, "fields": {"user": 1}}, {"model": "testapp.megaprivatemessage", "pk": 2, "fields": {"priority": 5, "attachment": ""}}, {"model": "testapp.sms", "pk": 1, "fields": {"sender": "User1", "receiver": "User2", "message": "Hello!", "timestamp": "2025-01-10T17:53:39.141Z"}}, {"model": "testapp.sms", "pk": 2, "fields": {"sender": "User2", "receiver": "User1", "message": "Hi, Bro!", "timestamp": "2025-01-10T17:54:31.881Z"}}]